CustomerNumber,Company_Name,Company_Name,Sales Rep,Sales Rep#
PPW100104,Adams-Dach,"852 Naomi Views Suite 855
Mervinberg, OR 13375",Schmitt,BD0003
PPW100072,"Armstrong, Rogahn and Marks","78819 Lindgren Mountain
Lake Nicoville, NY 49287",Corkery,BD0002
PPW100032,Aufderhar and Sons,"7098 Melvin Locks Murazikberg, MA 00118-1326",Schmitt,BD0003
PPW100105,Barrows-Cartwright,"3131 Lavon Lock
South Rylee, GA 84387-7344",Skiles,BD0009
PPW100078,"Bartoletti, Kulas and Bernier","6813 Bella Ridges
Wilmashire, MI 05529-5415",Skiles,BD0009
PPW100059,Bashirian Inc,"70539 Konopelski Parkways
Port Rosie, LA 32876-0961",Schmitt,BD0003
PPW100108,"Bechtelar, Spinka and Roberts","6074 Grant Falls Suite 066
Langoshbury, MD 99085",Corkery,BD0002
PPW100125,Bogisich and Sons,"2229 Maudie Harbors
South Jalenshire, WY 23799",Lang,BD0008
PPW100045,"Boyle, Fay and Witting","775 Norval Parks Apt. 833
Stehrville, IN 42980",Corkery,BD0002
PPW100071,"Braun, Wiza and Kuvalis","4610 Ebba Stravenue
Swaniawskichester, TN 87862",Bartell,BD0005
PPW100109,"Breitenberg, Wolf and Torphy","3914 Blanda Groves
Port Imamouth, SC 41570-1065",Hegmann,BD0004
PPW100123,Breitenberg-Barrows,"60418 Bahringer Trafficway
East Cassieview, IA 11697-4989",Skiles,BD0009
PPW100051,Breitenberg-Beatty,"23826 Batz Roads
North Elnaborough, IA 93269-2963",Skiles,BD0009
PPW100096,Brekke-Effertz,"50650 Orrin Junctions Suite 838
Julioside, MI 24468-8344",Skiles,BD0009
PPW100098,"Carroll, Eichmann and Hudson","671 Kamryn Falls Suite 435
North Eldridgeport, AL 64680-0035",Bartell,BD0005
PPW100068,Christiansen Group,"3497 Avis Underpass
East Glenda, MA 89694-3982",Schmitt,BD0003
PPW100100,Cole LLC,"888 Constance Valley
Mikaylaside, CO 51151",Hegmann,BD0004
PPW100048,Cole-Mann,"295 Leola Radial
Rogahnmouth, WV 90177",Lang,BD0008
PPW100067,Cormier LLC,"87293 Gislason Squares
New Joannebury, MS 01061-7651",Roberts,BD0007
PPW100047,Corwin PLC,"344 Addie Gardens
Kuphalmouth, ND 55126-0794",Hettinger,BD0001
PPW100031,Crist-Moen,"13483 Matilda Shoals Apt. 238 Katarinaland, IN 14325-5688",Roberts,BD0007
PPW100064,"Crona, Lindgren and Rolfson","349 Bridgette Hills
Erdmanhaven, NM 78789",Hegmann,BD0004
PPW100046,Daugherty Ltd,"3308 Dixie Coves Suite 785
South Margueriteton, AL 69160",Hegmann,BD0004
PPW100097,Dietrich-Franecki,"5867 Tyreek Hills Apt. 461
Douglasmouth, WV 00958-9505",Welch,BD0006
PPW100055,"Dooley, Abshire and Hartmann","10813 Bashirian Canyon
North Lambertview, IN 58907-2911",Hegmann,BD0004
PPW100077,"Doyle, Will and Schimmel","7526 Dimitri Forest Suite 618
West Brock, OK 04405",Schmitt,BD0003
PPW100076,Ebert-Beahan,"47660 Dickinson Well Apt. 465
Jastshire, OR 49071",Roberts,BD0007
PPW100062,Ernser Inc,"117 Carroll Fort
North Rosalee, NJ 92796",Bartell,BD0005
PPW100037,"Fisher, Koelpin and Windler","908 Morgan Motorway Suite 867 Wymanview, WI 56870-1519",Hegmann,BD0004
PPW100069,Flatley Group,"6265 Hilpert Drives
Lemkeborough, MI 01503-1046",Skiles,BD0009
PPW100042,Friesen-Bergnaum,"20256 Grimes Lights Apt. 449
Lake Willowborough, UT 83737-1740",Skiles,BD0009
PPW100106,"Gibson, Johnston and Hartmann","4604 Robel Falls
West Jeremie, NY 65446-0872",Welch,BD0006
PPW100033,"Gibson, Lebsack and Trantow","5196 Hoeger Hollow Apt. 996 Port Orie, MI 46653",Skiles,BD0009
PPW100099,Grant-Ratke,"1138 Dooley Way Suite 147
East Candido, MO 37211-0900",Corkery,BD0002
PPW100121,Gutmann and Sons,"78805 Kilback Knoll Apt. 252
Shyannestad, OH 19762-3157",Roberts,BD0007
PPW100117,"Harber, Hermann and Sanford","5159 Augusta Garden
Abigaylebury, KY 98449",Corkery,BD0002
PPW100090,Hartmann Ltd,"5744 Gaston Villages
North Noeliaside, RI 02673-8589",Corkery,BD0002
PPW100049,Heidenreich-Schaden,"5517 Johnston Way Apt. 823
Germanborough, MS 81507-3517",Roberts,BD0007
PPW100101,Hermiston-Kirlin,"6649 Yost Falls Apt. 940
South Francesco, LA 10606-3712",Hettinger,BD0001
PPW100120,Hill-Murphy,"1205 Bashirian Route
New Lionelton, KY 01246-8317",Lang,BD0008
PPW100085,"Hilpert, Stamm and Schaefer","356 Schneider Field
Nikolausbury, WI 86655-0797",Roberts,BD0007
PPW100114,Hudson-Corkery,"354 Kertzmann Center Apt. 537
Port Hobart, DC 68772-9205",Skiles,BD0009
PPW100081,Hudson-Kiehn,"2809 Kub Squares
Lesterberg, MA 77171",Corkery,BD0002
PPW100034,Hyatt-Bechtelar,"119 Kurt Lakes Suite 218 East Madilynberg, DC 21094",Welch,BD0006
PPW100030,Jast-Douglas,"863 Jaylin Causeway South Derrick, NH 88787-0191",Lang,BD0008
PPW100026,"Johnston, Stanton and Stehr","943 Brakus Rue East Sofialand, TX 26493",Bartell,BD0005
PPW100028,Jones PLC,"1664 Edgardo Canyon Suite 795 Johnsonfurt, UT 16541",Hegmann,BD0004
PPW100102,Kautzer-Nikolaus,"539 Omer Ways
South Wallaceside, VA 89487-6906",Lang,BD0008
PPW100043,Keebler-Leuschke,"98474 Conn Estate Suite 934
Labadiemouth, WY 62780",Welch,BD0006
PPW100060,Kling LLC,"84196 Dolly Route Apt. 083
Donatoland, NH 45495",Skiles,BD0009
PPW100094,Klocko-Padberg,"9011 Bridgette Cliff
East Vernon, DE 62308-8812",Roberts,BD0007
PPW100050,Koepp and Sons,"574 Konopelski Way
West Louie, MD 84113",Schmitt,BD0003
PPW100041,Koss PLC,"83751 Chris Canyon Apt. 487
North Kenton, IL 67010-4325",Schmitt,BD0003
PPW100084,"Krajcik, Lindgren and Lemke","7055 Liliana Way Suite 393
Leonelchester, NC 80109",Lang,BD0008
PPW100110,"Kreiger, Leffler and Ferry","72522 Ottilie Island Apt. 952
West Marvinville, DC 98451-5134",Hettinger,BD0001
PPW100087,Kris Ltd,"9131 Malika Mills
New Clara, ID 67581",Skiles,BD0009
PPW100027,"Kuphal, Mayert and Leffler","820 Conn Viaduct Bernhardland, NH 87591",Corkery,BD0002
PPW100056,Lynch-Bednar,"757 Mafalda Lock
Marksshire, TN 08480-8355",Hettinger,BD0001
PPW100038,Marvin-Pagac,"905 Johnson Union Suite 165 West Gardner, UT 29935",Hettinger,BD0001
PPW100111,"McGlynn, Bartell and Tillman","5301 Lang Plains
East Xzavier, UT 42658",Lang,BD0008
PPW100080,"McGlynn, Pfeffer and Kautzer","63412 Pagac Stravenue
Cristport, VT 05613-6006",Bartell,BD0005
PPW100091,Mertz and Sons,"1316 Schumm Plaza Suite 177
East Chad, AR 31766",Hegmann,BD0004
PPW100029,"Moore, Weber and Maggio","21884 Dickens Fort Apt. 854 Evelynstad, IL 33492",Hettinger,BD0001
PPW100052,O'Connell-Reynolds,"880 Agustin Glen
Schaeferview, AL 76151-7627",Welch,BD0006
PPW100075,Ondricka-Auer,"6242 Barry Spring
New Beulah, AL 19737",Lang,BD0008
PPW100066,Orn Group,"42504 Weissnat Fords
Fayburgh, LA 40575",Lang,BD0008
PPW100058,"Pacocha, Schiller and Dare","318 Alfonzo Throughway Suite 496
West Ola, PA 24232-7306",Roberts,BD0007
PPW100113,Predovic-Leffler,"862 Mariano Groves
Lake Magdalen, MN 85217-5968",Schmitt,BD0003
PPW100118,Price Inc,"3388 Osinski Street Suite 787
Genefurt, DC 51979",Hegmann,BD0004
PPW100088,Prosacco Group,"457 Alessandro Harbor
Camronfort, NJ 09737",Welch,BD0006
PPW100070,Quigley-Wisoky,"208 Moen Creek Suite 647
Farrellmouth, MD 58828-1808",Welch,BD0006
PPW100107,"Reichert, Ankunding and Krajcik","5803 Archibald Roads
Delfinafurt, LA 06930-2237",Bartell,BD0005
PPW100093,"Reynolds, Reichel and Trantow","2815 Kunze Tunnel
East Letitia, OR 68053-4929",Lang,BD0008
PPW100095,Runte Ltd,"422 Arno Forks
West Cristopherfurt, VA 52490",Schmitt,BD0003
PPW100086,Ryan PLC,"8772 Daniel Square Apt. 301
West Ethyl, CA 76166",Schmitt,BD0003
PPW100063,"Ryan, Steuber and Moen","64979 Lavon Gateway
Sanfordberg, KS 87866-8502",Corkery,BD0002
PPW100124,Sauer-Fisher,"64140 Bergstrom Hollow Suite 275
Watersport, DC 35052",Welch,BD0006
PPW100073,"Schimmel, Ratke and Kuvalis","35666 Miller Via
South Elmobury, CT 56743",Hegmann,BD0004
PPW100035,"Schinner, Bogisich and Keeling","5150 Dicki Gardens Apt. 034 Hettingerbury, GA 22465-4352",Bartell,BD0005
PPW100074,Schmidt Inc,"34537 Madison Roads
Hirthetown, NV 50781-0565",Hettinger,BD0001
PPW100112,Schultz and Sons,"618 Ena Lake
Almouth, NM 10250-1137",Roberts,BD0007
PPW100065,Senger-Farrell,"13336 Toy Ports
Haagtown, CO 75951-2800",Hettinger,BD0001
PPW100116,"Shields, McGlynn and Hill","7240 Schultz Forest
Creminside, OR 98514",Bartell,BD0005
PPW100083,Sipes-Lueilwitz,"2316 Bosco Circle Suite 940
South Grover, WV 51698",Hettinger,BD0001
PPW100036,Skiles-Borer,"2427 Jacques Oval Joeside, FL 78355-6856",Corkery,BD0002
PPW100053,Skiles-Walsh,"8933 Mraz Stream Apt. 949
Hyattmouth, MO 29959-5365",Bartell,BD0005
PPW100122,Spencer PLC,"479 Runolfsson Dam Suite 876
Cummingsshire, SC 42146",Schmitt,BD0003
PPW100040,Stamm and Sons,"3315 Angelita Isle South Arnulfobury, NH 89964",Roberts,BD0007
PPW100082,Stokes Group,"782 Sawayn Spur Suite 890
East Hope, NV 49192-5853",Hegmann,BD0004
PPW100039,Tillman-Predovic,"311 Courtney Highway Lake Ofelia, ND 77820-9203",Lang,BD0008
PPW100057,Trantow-Bauch,"37937 Streich Oval Apt. 368
East Kennithville, NH 83034-7321",Lang,BD0008
PPW100103,"Ullrich, Stanton and O'Reilly","87602 Eleanora Mall
New Juwan, MN 55184-5099",Roberts,BD0007
PPW100115,Vandervort-Breitenberg,"81505 Amparo Ford
West Marquise, MA 49607",Welch,BD0006
PPW100092,Walter-Berge,"213 Parisian Harbors Suite 402
Gorczanyton, PA 68656",Hettinger,BD0001
PPW100079,"Wiegand, Wintheiser and Beier","288 Richie Drive
Steuberland, PA 86710-9081",Welch,BD0006
PPW100061,Williamson-Hahn,"21507 Jenkins Squares Suite 745
Port Corrineside, MD 96989-1795",Welch,BD0006
PPW100089,Wiza-Smitham,"77455 Botsford Orchard
East Thomas, VT 38018",Bartell,BD0005
PPW100044,Yundt-Kuvalis,"767 Cristobal Turnpike
Jacobsstad, CA 63986",Bartell,BD0005
PPW100119,Zemlak Group,"391 Noemi Motorway Apt. 682
Yundtshire, SC 93122-3282",Hettinger,BD0001
PPW100054,Ziemann PLC,"756 Mills Island
Port Bessieport, IN 84757-4903",Corkery,BD0002
